<application>
  <component name="LangManager">
    <option name="languageName" value="JAVA" />
  </component>
  <component name="LessonStateBase">
    <option name="map">
      <map>
        <entry key="Actions" value="NOT_PASSED" />
        <entry key="Basic Completion" value="NOT_PASSED" />
        <entry key="Class Search" value="NOT_PASSED" />
        <entry key="CodeAssistance.CodeFormatting" value="NOT_PASSED" />
        <entry key="CodeAssistance.EditorCodingAssistance" value="NOT_PASSED" />
        <entry key="CodeAssistance.ParameterInfo" value="NOT_PASSED" />
        <entry key="CodeAssistance.QuickPopups" value="NOT_PASSED" />
        <entry key="Collapse" value="NOT_PASSED" />
        <entry key="Comment Line" value="NOT_PASSED" />
        <entry key="Completion with Tab" value="NOT_PASSED" />
        <entry key="Debug function calls" value="NOT_PASSED" />
        <entry key="Declaration and usages" value="NOT_PASSED" />
        <entry key="Duplicate" value="NOT_PASSED" />
        <entry key="EditorBasics.DeleteLine" value="NOT_PASSED" />
        <entry key="EditorBasics.Selection" value="NOT_PASSED" />
        <entry key="Extract Method" value="NOT_PASSED" />
        <entry key="Extract Variable" value="NOT_PASSED" />
        <entry key="File structure" value="NOT_PASSED" />
        <entry key="Goland2019.2.ExtractMethodRefactoringWithReturns" value="NOT_PASSED" />
        <entry key="Goland2019.2.FillStructFields" value="NOT_PASSED" />
        <entry key="Goland2019.2.RedundantTypeConversions" value="NOT_PASSED" />
        <entry key="Goland2019.3.CreateFunctionFromFunctionType" value="NOT_PASSED" />
        <entry key="Goland2019.3.DeleteParameterNames" value="NOT_PASSED" />
        <entry key="Goland2019.3.DeleteUnusedParameters" value="NOT_PASSED" />
        <entry key="Goland2019.3.ExtractVariableWithError" value="NOT_PASSED" />
        <entry key="Goland2019.3.ForrLiveTemplate" value="NOT_PASSED" />
        <entry key="Goland2019.3.ReuseSignatureTypes" value="NOT_PASSED" />
        <entry key="GopherCon.CodeFormatting" value="NOT_PASSED" />
        <entry key="GopherCon.CommentLine" value="NOT_PASSED" />
        <entry key="GopherCon.ExtractFunction/Method" value="NOT_PASSED" />
        <entry key="GopherCon.ExtractVariable" value="NOT_PASSED" />
        <entry key="GopherCon.FormatStringArgument" value="NOT_PASSED" />
        <entry key="GopherCon.GoFmt" value="NOT_PASSED" />
        <entry key="GopherCon.ImplementMissingMethods" value="NOT_PASSED" />
        <entry key="GopherCon.Inline" value="NOT_PASSED" />
        <entry key="GopherCon.Rename" value="NOT_PASSED" />
        <entry key="Hippie Completion" value="NOT_PASSED" />
        <entry key="Method-Like Function Completion" value="NOT_PASSED" />
        <entry key="Move" value="NOT_PASSED" />
        <entry key="Multiple Selections" value="NOT_PASSED" />
        <entry key="Navigation.Declaration/Implementation" value="NOT_PASSED" />
        <entry key="Navigation.FileStructure" value="NOT_PASSED" />
        <entry key="Navigation.JumptoSource" value="NOT_PASSED" />
        <entry key="Navigation.Next/PreviousOccurrences" value="NOT_PASSED" />
        <entry key="Postfix Completion" value="NOT_PASSED" />
        <entry key="Postfix templates" value="NOT_PASSED" />
        <entry key="Refactoring Menu" value="NOT_PASSED" />
        <entry key="Refactorings.ExtractMethod" value="NOT_PASSED" />
        <entry key="Refactorings.ExtractVariable/Field" value="NOT_PASSED" />
        <entry key="Refactorings.RefactoringBasics" value="NOT_PASSED" />
        <entry key="Refactorings.Rename" value="NOT_PASSED" />
        <entry key="Rename" value="NOT_PASSED" />
        <entry key="Select" value="NOT_PASSED" />
        <entry key="Smart Type Completion" value="NOT_PASSED" />
        <entry key="Statement Completion" value="NOT_PASSED" />
        <entry key="swift.codeassistance.codeformatting" value="NOT_PASSED" />
        <entry key="swift.codeassistance.quickpopups" value="NOT_PASSED" />
        <entry key="swift.codegeneration.createfromusage" value="NOT_PASSED" />
        <entry key="swift.codegeneration.generate" value="NOT_PASSED" />
        <entry key="swift.codegeneration.overrideimplement" value="NOT_PASSED" />
        <entry key="swift.codegeneration.quickfixes" value="NOT_PASSED" />
        <entry key="swift.completions.basiccompletion" value="NOT_PASSED" />
        <entry key="swift.editorbasics.collapse" value="NOT_PASSED" />
        <entry key="swift.editorbasics.commentline" value="NOT_PASSED" />
        <entry key="swift.editorbasics.deleteline" value="NOT_PASSED" />
        <entry key="swift.editorbasics.duplicate" value="NOT_PASSED" />
        <entry key="swift.editorbasics.move" value="NOT_PASSED" />
        <entry key="swift.editorbasics.multipleselections" value="NOT_PASSED" />
        <entry key="swift.editorbasics.selection" value="NOT_PASSED" />
        <entry key="swift.navigation.code" value="NOT_PASSED" />
        <entry key="swift.navigation.search" value="NOT_PASSED" />
        <entry key="swift.navigation.toolwindows" value="NOT_PASSED" />
        <entry key="swift.rdt.debug" value="NOT_PASSED" />
        <entry key="swift.rdt.run" value="NOT_PASSED" />
        <entry key="swift.rdt.test" value="NOT_PASSED" />
        <entry key="swift.refactorings.extract.closure" value="NOT_PASSED" />
        <entry key="swift.refactorings.extract.method" value="NOT_PASSED" />
        <entry key="swift.refactorings.extract.variable" value="NOT_PASSED" />
        <entry key="swift.refactorings.rename" value="NOT_PASSED" />
      </map>
    </option>
  </component>
  <component name="StatisticBase">
    <option name="persistedLessonId2State">
      <map>
        <entry key="Actions">
          <value>
            <StatisticData>
              <option name="state" value="PASSED" />
              <option name="timestamp" value="84696" />
            </StatisticData>
          </value>
        </entry>
        <entry key="Basic Completion">
          <value>
            <StatisticData>
              <option name="state" value="PASSED" />
              <option name="timestamp" value="51006" />
            </StatisticData>
          </value>
        </entry>
        <entry key="CodeAssistance.CodeFormatting">
          <value>
            <StatisticData>
              <option name="state" value="PASSED" />
              <option name="timestamp" value="39690" />
            </StatisticData>
          </value>
        </entry>
        <entry key="CodeAssistance.EditorCodingAssistance">
          <value>
            <StatisticData>
              <option name="state" value="PASSED" />
              <option name="timestamp" value="160610" />
            </StatisticData>
          </value>
        </entry>
        <entry key="CodeAssistance.ParameterInfo">
          <value>
            <StatisticData>
              <option name="state" value="PASSED" />
              <option name="timestamp" value="38764" />
            </StatisticData>
          </value>
        </entry>
        <entry key="CodeAssistance.QuickPopups">
          <value>
            <StatisticData>
              <option name="state" value="STARTED" />
              <option name="timestamp" value="1569168490909" />
            </StatisticData>
          </value>
        </entry>
        <entry key="Collapse">
          <value>
            <StatisticData>
              <option name="state" value="PASSED" />
              <option name="timestamp" value="16700" />
            </StatisticData>
          </value>
        </entry>
        <entry key="Comment Line">
          <value>
            <StatisticData>
              <option name="state" value="PASSED" />
              <option name="timestamp" value="34713" />
            </StatisticData>
          </value>
        </entry>
        <entry key="Completion with Tab">
          <value>
            <StatisticData>
              <option name="state" value="PASSED" />
              <option name="timestamp" value="10705" />
            </StatisticData>
          </value>
        </entry>
        <entry key="Duplicate">
          <value>
            <StatisticData>
              <option name="state" value="PASSED" />
              <option name="timestamp" value="12054" />
            </StatisticData>
          </value>
        </entry>
        <entry key="EditorBasics.DeleteLine">
          <value>
            <StatisticData>
              <option name="state" value="PASSED" />
              <option name="timestamp" value="23451" />
            </StatisticData>
          </value>
        </entry>
        <entry key="Move">
          <value>
            <StatisticData>
              <option name="state" value="PASSED" />
              <option name="timestamp" value="135189" />
            </StatisticData>
          </value>
        </entry>
        <entry key="Multiple Selections">
          <value>
            <StatisticData>
              <option name="state" value="STARTED" />
              <option name="timestamp" value="1569167430525" />
            </StatisticData>
          </value>
        </entry>
        <entry key="Navigation.Declaration/Implementation">
          <value>
            <StatisticData>
              <option name="state" value="PASSED" />
              <option name="timestamp" value="34736" />
            </StatisticData>
          </value>
        </entry>
        <entry key="Navigation.FileStructure">
          <value>
            <StatisticData>
              <option name="state" value="PASSED" />
              <option name="timestamp" value="3223" />
            </StatisticData>
          </value>
        </entry>
        <entry key="Navigation.JumptoSource">
          <value>
            <StatisticData>
              <option name="state" value="PASSED" />
              <option name="timestamp" value="135066" />
            </StatisticData>
          </value>
        </entry>
        <entry key="Navigation.Next/PreviousOccurrences">
          <value>
            <StatisticData>
              <option name="state" value="PASSED" />
              <option name="timestamp" value="121705" />
            </StatisticData>
          </value>
        </entry>
        <entry key="Postfix Completion">
          <value>
            <StatisticData>
              <option name="state" value="PASSED" />
              <option name="timestamp" value="40640" />
            </StatisticData>
          </value>
        </entry>
        <entry key="Refactorings.ExtractMethod">
          <value>
            <StatisticData>
              <option name="state" value="PASSED" />
              <option name="timestamp" value="11104" />
            </StatisticData>
          </value>
        </entry>
        <entry key="Refactorings.ExtractVariable/Field">
          <value>
            <StatisticData>
              <option name="state" value="PASSED" />
              <option name="timestamp" value="39860" />
            </StatisticData>
          </value>
        </entry>
        <entry key="Refactorings.RefactoringBasics">
          <value>
            <StatisticData>
              <option name="state" value="STARTED" />
              <option name="timestamp" value="1569168346597" />
            </StatisticData>
          </value>
        </entry>
        <entry key="Refactorings.Rename">
          <value>
            <StatisticData>
              <option name="state" value="PASSED" />
              <option name="timestamp" value="303718" />
            </StatisticData>
          </value>
        </entry>
        <entry key="Select">
          <value>
            <StatisticData>
              <option name="state" value="PASSED" />
              <option name="timestamp" value="68827" />
            </StatisticData>
          </value>
        </entry>
        <entry key="Smart Type Completion">
          <value>
            <StatisticData>
              <option name="state" value="PASSED" />
              <option name="timestamp" value="242239" />
            </StatisticData>
          </value>
        </entry>
        <entry key="Statement Completion">
          <value>
            <StatisticData>
              <option name="state" value="PASSED" />
              <option name="timestamp" value="74818" />
            </StatisticData>
          </value>
        </entry>
      </map>
    </option>
  </component>
</application>